{
  "A (\u03b1=1.0)": {
    "5": {
      "hit": [
        0.45442396961597975,
        0.45442396961597975,
        0.45442396961597975
      ],
      "recall": [
        0.16890931924539257,
        0.16890931924539257,
        0.16890931924539257
      ],
      "ndcg": [
        0.2123879195701124,
        0.2123879195701124,
        0.2123879195701124
      ],
      "map": [
        0.13279973982000376,
        0.13279973982000376,
        0.13279973982000376
      ]
    },
    "10": {
      "hit": [
        0.521381347587565,
        0.521381347587565,
        0.521381347587565
      ],
      "recall": [
        0.20766109609762035,
        0.20766109609762035,
        0.20766109609762035
      ],
      "ndcg": [
        0.21535025948301514,
        0.21535025948301514,
        0.21535025948301514
      ],
      "map": [
        0.14229651664710666,
        0.14229651664710666,
        0.14229651664710666
      ]
    },
    "15": {
      "hit": [
        0.5576733717822479,
        0.5576733717822479,
        0.5576733717822479
      ],
      "recall": [
        0.2314483448171093,
        0.2314483448171093,
        0.2314483448171093
      ],
      "ndcg": [
        0.22116980905432612,
        0.22116980905432612,
        0.22116980905432612
      ],
      "map": [
        0.14603152467249078,
        0.14603152467249078,
        0.14603152467249078
      ]
    }
  },
  "B (\u03b1=0.3)": {
    "5": {
      "hit": [
        0.41925727950485303,
        0.41925727950485303,
        0.41925727950485303
      ],
      "recall": [
        0.17311615782691622,
        0.17311615782691622,
        0.17311615782691622
      ],
      "ndcg": [
        0.19035398656789815,
        0.19035398656789815,
        0.19035398656789815
      ],
      "map": [
        0.12423826128404358,
        0.12423826128404358,
        0.12423826128404358
      ]
    },
    "10": {
      "hit": [
        0.5020396680264454,
        0.5020396680264454,
        0.5020396680264454
      ],
      "recall": [
        0.21893712705644805,
        0.21893712705644805,
        0.21893712705644805
      ],
      "ndcg": [
        0.2006928354559185,
        0.2006928354559185,
        0.2006928354559185
      ],
      "map": [
        0.1344939786049066,
        0.1344939786049066,
        0.1344939786049066
      ]
    },
    "15": {
      "hit": [
        0.5263046842031228,
        0.5263046842031228,
        0.5263046842031228
      ],
      "recall": [
        0.2357243071834507,
        0.2357243071834507,
        0.2357243071834507
      ],
      "ndcg": [
        0.204572913035564,
        0.204572913035564,
        0.204572913035564
      ],
      "map": [
        0.13720512614281996,
        0.13720512614281996,
        0.13720512614281996
      ]
    }
  },
  "B (\u03b1=0.7)": {
    "5": {
      "hit": [
        0.4866366577577718,
        0.4866366577577718,
        0.4866366577577718
      ],
      "recall": [
        0.196054197613503,
        0.196054197613503,
        0.196054197613503
      ],
      "ndcg": [
        0.22290607184348618,
        0.22290607184348618,
        0.22290607184348618
      ],
      "map": [
        0.1437096535553434,
        0.1437096535553434,
        0.1437096535553434
      ]
    },
    "10": {
      "hit": [
        0.5597833731889155,
        0.5597833731889155,
        0.5597833731889155
      ],
      "recall": [
        0.23834780366598862,
        0.23834780366598862,
        0.23834780366598862
      ],
      "ndcg": [
        0.23041510281167457,
        0.23041510281167457,
        0.23041510281167457
      ],
      "map": [
        0.15426142352180547,
        0.15426142352180547,
        0.15426142352180547
      ]
    },
    "15": {
      "hit": [
        0.5879870586580391,
        0.5879870586580391,
        0.5879870586580391
      ],
      "recall": [
        0.2571073848148238,
        0.2571073848148238,
        0.2571073848148238
      ],
      "ndcg": [
        0.2352653250419321,
        0.2352653250419321,
        0.2352653250419321
      ],
      "map": [
        0.15773667686271492,
        0.15773667686271492,
        0.15773667686271492
      ]
    }
  },
  "C (\u03b1=0.3)": {
    "5": {
      "hit": [
        0.6104937403291603,
        0.6077507385004923,
        0.6093684062456042
      ],
      "recall": [
        0.28519699239390345,
        0.2831853904077606,
        0.28436543270338066
      ],
      "ndcg": [
        0.30426152388093747,
        0.302760769557049,
        0.3034180720266513
      ],
      "map": [
        0.20662744868403682,
        0.20537973274601737,
        0.20594835945915746
      ]
    },
    "10": {
      "hit": [
        0.711422140948094,
        0.707272471514981,
        0.7093121395414264
      ],
      "recall": [
        0.3752518380499596,
        0.3724570448841853,
        0.37295061701446186
      ],
      "ndcg": [
        0.3298302720063916,
        0.3281582725330199,
        0.32838453202805884
      ],
      "map": [
        0.23035046609358,
        0.22901855689616313,
        0.2293006961932477
      ]
    },
    "15": {
      "hit": [
        0.7475734983823322,
        0.743072162048108,
        0.7454634969756646
      ],
      "recall": [
        0.42150843921398545,
        0.4185438032696339,
        0.4192819080386006
      ],
      "ndcg": [
        0.3450598479516974,
        0.34336541968447903,
        0.34354854790040357
      ],
      "map": [
        0.23954799955263484,
        0.23817393120348554,
        0.2383855870618221
      ]
    }
  },
  "C (\u03b1=0.7)": {
    "5": {
      "hit": [
        0.6823744549163033,
        0.6812491208327472,
        0.6818117878745252
      ],
      "recall": [
        0.3335468338952333,
        0.3325755010851904,
        0.3342115935971056
      ],
      "ndcg": [
        0.3577243650295688,
        0.3573412805506259,
        0.3577381697403545
      ],
      "map": [
        0.24611413545512073,
        0.24562760649400625,
        0.24620497891729787
      ]
    },
    "10": {
      "hit": [
        0.7733155155436771,
        0.7710648473765649,
        0.7716978477985652
      ],
      "recall": [
        0.42693323119849136,
        0.42528966053983125,
        0.42634023659952164
      ],
      "ndcg": [
        0.3833680898879568,
        0.3826081449928084,
        0.382728894039497
      ],
      "map": [
        0.27344988087128597,
        0.2728296853246789,
        0.2730086700117398
      ]
    },
    "15": {
      "hit": [
        0.8043325362216908,
        0.8008862005908004,
        0.8017302011534674
      ],
      "recall": [
        0.4764578816966356,
        0.47420158504137344,
        0.4747971893226431
      ],
      "ndcg": [
        0.4002873836995846,
        0.3992060926121593,
        0.3991815888383439
      ],
      "map": [
        0.28460075662119005,
        0.28393193482486817,
        0.2839780932923737
      ]
    }
  }
}